ImageId,ship_or_not
52702b18-fb5c-11e8-b032-8c8590209d97.jpg,0
52a11ca8-fb5c-11e8-8143-8c8590209d97.jpg,0
52a3bc88-fb5c-11e8-9fd4-8c8590209d97.jpg,1
52a66564-fb5c-11e8-8594-8c8590209d97.jpg,1
52aa8cfa-fb5c-11e8-90a1-8c8590209d97.jpg,1
52acb40a-fb5c-11e8-8e63-8c8590209d97.jpg,1
52ae9a90-fb5c-11e8-ba0e-8c8590209d97.jpg,1
52b378a8-fb5c-11e8-bc62-8c8590209d97.jpg,1
52b5ec28-fb5c-11e8-9185-8c8590209d97.jpg,1
52b87902-fb5c-11e8-a5f7-8c8590209d97.jpg,1
52bb005a-fb5c-11e8-9990-8c8590209d97.jpg,1
52bd577e-fb5c-11e8-8384-8c8590209d97.jpg,1
52bfd238-fb5c-11e8-81cd-8c8590209d97.jpg,1
52c24ae2-fb5c-11e8-838f-8c8590209d97.jpg,1
52c52d8c-fb5c-11e8-8e7f-8c8590209d97.jpg,1
52caecfe-fb5c-11e8-ab10-8c8590209d97.jpg,1
52cdab24-fb5c-11e8-965d-8c8590209d97.jpg,1
52d038ee-fb5c-11e8-8621-8c8590209d97.jpg,0
52d79c1a-fb5c-11e8-b2e4-8c8590209d97.jpg,1
52ddb85c-fb5c-11e8-975a-8c8590209d97.jpg,1
52e41fe4-fb5c-11e8-9ffe-8c8590209d97.jpg,1
52ebd07a-fb5c-11e8-a5b7-8c8590209d97.jpg,1
52ef9ad8-fb5c-11e8-8178-8c8590209d97.jpg,1
52f3223a-fb5c-11e8-a742-8c8590209d97.jpg,1
52f92846-fb5c-11e8-a107-8c8590209d97.jpg,0
52fc2fda-fb5c-11e8-98eb-8c8590209d97.jpg,0
52ff1d76-fb5c-11e8-9a5d-8c8590209d97.jpg,0
53018174-fb5c-11e8-a358-8c8590209d97.jpg,0
53040980-fb5c-11e8-9d30-8c8590209d97.jpg,0
5306b4e6-fb5c-11e8-b69e-8c8590209d97.jpg,0
53090f34-fb5c-11e8-b894-8c8590209d97.jpg,0
530b7918-fb5c-11e8-851b-8c8590209d97.jpg,0
53136986-fb5c-11e8-afca-8c8590209d97.jpg,0
531667b0-fb5c-11e8-b010-8c8590209d97.jpg,0
5318b72c-fb5c-11e8-9e39-8c8590209d97.jpg,0
531b4d98-fb5c-11e8-97ba-8c8590209d97.jpg,0
531db7ae-fb5c-11e8-aa5b-8c8590209d97.jpg,0
53200914-fb5c-11e8-a651-8c8590209d97.jpg,1
5322bcb8-fb5c-11e8-b29d-8c8590209d97.jpg,0
53252c14-fb5c-11e8-b5b7-8c8590209d97.jpg,0
53278e50-fb5c-11e8-a9b8-8c8590209d97.jpg,1
532a1f6c-fb5c-11e8-ab1b-8c8590209d97.jpg,0
532cd43a-fb5c-11e8-9a8f-8c8590209d97.jpg,0
532f883a-fb5c-11e8-a0e8-8c8590209d97.jpg,0
5332750c-fb5c-11e8-82a5-8c8590209d97.jpg,0
53374cfa-fb5c-11e8-88d1-8c8590209d97.jpg,0
533a173a-fb5c-11e8-8903-8c8590209d97.jpg,0
533c531c-fb5c-11e8-9f39-8c8590209d97.jpg,0
533eb080-fb5c-11e8-abdf-8c8590209d97.jpg,1
5340cf14-fb5c-11e8-bb73-8c8590209d97.jpg,1
53430fcc-fb5c-11e8-803a-8c8590209d97.jpg,1
53454c9c-fb5c-11e8-a353-8c8590209d97.jpg,1
5347581e-fb5c-11e8-8ce9-8c8590209d97.jpg,1
5349a602-fb5c-11e8-a82e-8c8590209d97.jpg,1
534e9a54-fb5c-11e8-a1c6-8c8590209d97.jpg,0
53512062-fb5c-11e8-ab34-8c8590209d97.jpg,0
5353400c-fb5c-11e8-9bf1-8c8590209d97.jpg,0
53584b8a-fb5c-11e8-8a9f-8c8590209d97.jpg,1
535b4718-fb5c-11e8-8a52-8c8590209d97.jpg,0
535d9868-fb5c-11e8-9b92-8c8590209d97.jpg,0
53604290-fb5c-11e8-9c39-8c8590209d97.jpg,0
5362f8dc-fb5c-11e8-8333-8c8590209d97.jpg,0
53654a92-fb5c-11e8-b7e2-8c8590209d97.jpg,0
536d86ba-fb5c-11e8-aaa2-8c8590209d97.jpg,1
5370c4ee-fb5c-11e8-be79-8c8590209d97.jpg,0
53730f4c-fb5c-11e8-ac9c-8c8590209d97.jpg,0
53758ce2-fb5c-11e8-bf66-8c8590209d97.jpg,0
5377f43a-fb5c-11e8-a9f1-8c8590209d97.jpg,0
537a7bc6-fb5c-11e8-9f1f-8c8590209d97.jpg,0
537cd02c-fb5c-11e8-b82c-8c8590209d97.jpg,0
537f54fa-fb5c-11e8-bf74-8c8590209d97.jpg,0
5381b9a2-fb5c-11e8-b246-8c8590209d97.jpg,0
53840dba-fb5c-11e8-bc80-8c8590209d97.jpg,0
5386be52-fb5c-11e8-9e21-8c8590209d97.jpg,1
5389c94c-fb5c-11e8-9bea-8c8590209d97.jpg,1
538c4a3e-fb5c-11e8-9382-8c8590209d97.jpg,0
538ebb28-fb5c-11e8-a297-8c8590209d97.jpg,0
53958d92-fb5c-11e8-9349-8c8590209d97.jpg,0
5397cbc0-fb5c-11e8-8ec1-8c8590209d97.jpg,0
539a2640-fb5c-11e8-a4c0-8c8590209d97.jpg,0
539cdc82-fb5c-11e8-98af-8c8590209d97.jpg,0
539f4030-fb5c-11e8-9888-8c8590209d97.jpg,1
53a6da3e-fb5c-11e8-95d3-8c8590209d97.jpg,0
53a91010-fb5c-11e8-8291-8c8590209d97.jpg,1
53abb20c-fb5c-11e8-8d4a-8c8590209d97.jpg,1
53addad2-fb5c-11e8-9376-8c8590209d97.jpg,1
53b1b576-fb5c-11e8-8c41-8c8590209d97.jpg,0
53b4271e-fb5c-11e8-9130-8c8590209d97.jpg,1
53b60b76-fb5c-11e8-ae27-8c8590209d97.jpg,0
53b85e58-fb5c-11e8-b1c6-8c8590209d97.jpg,0
53bd5570-fb5c-11e8-b890-8c8590209d97.jpg,0
53bfda1e-fb5c-11e8-82db-8c8590209d97.jpg,0
53c238d8-fb5c-11e8-bfe8-8c8590209d97.jpg,0
53c4cb86-fb5c-11e8-aa18-8c8590209d97.jpg,1
53ca2052-fb5c-11e8-8ff1-8c8590209d97.jpg,1
53da5c7e-fb5c-11e8-b854-8c8590209d97.jpg,0
53dcbae6-fb5c-11e8-8e39-8c8590209d97.jpg,0
53deffb8-fb5c-11e8-ba02-8c8590209d97.jpg,0
53e17e82-fb5c-11e8-90bf-8c8590209d97.jpg,0
53e41fd4-fb5c-11e8-841d-8c8590209d97.jpg,0
53e6b3ca-fb5c-11e8-acca-8c8590209d97.jpg,1
53e97786-fb5c-11e8-8dde-8c8590209d97.jpg,0
53ee5fa8-fb5c-11e8-85ff-8c8590209d97.jpg,0
53f3902c-fb5c-11e8-b5c9-8c8590209d97.jpg,0
53f60636-fb5c-11e8-955f-8c8590209d97.jpg,0
53f8c358-fb5c-11e8-b888-8c8590209d97.jpg,0
53fb966e-fb5c-11e8-80a6-8c8590209d97.jpg,1
53fe5886-fb5c-11e8-992c-8c8590209d97.jpg,0
5400bd06-fb5c-11e8-b969-8c8590209d97.jpg,1
5403fe94-fb5c-11e8-a95f-8c8590209d97.jpg,1
54065798-fb5c-11e8-a56a-8c8590209d97.jpg,1
54092074-fb5c-11e8-afd8-8c8590209d97.jpg,0
540b89de-fb5c-11e8-bdd0-8c8590209d97.jpg,1
540de3dc-fb5c-11e8-88cc-8c8590209d97.jpg,1
541ade1e-fb5c-11e8-ac45-8c8590209d97.jpg,0
541fbbfa-fb5c-11e8-80a3-8c8590209d97.jpg,0
5421fd40-fb5c-11e8-8f92-8c8590209d97.jpg,0
542bee54-fb5c-11e8-95b1-8c8590209d97.jpg,0
5433d9a2-fb5c-11e8-8adc-8c8590209d97.jpg,0
54374bb4-fb5c-11e8-881e-8c8590209d97.jpg,1
5441ab2c-fb5c-11e8-8d73-8c8590209d97.jpg,0
5444b59c-fb5c-11e8-92b2-8c8590209d97.jpg,1
5448fc92-fb5c-11e8-8588-8c8590209d97.jpg,0
544b3ee4-fb5c-11e8-8646-8c8590209d97.jpg,0
544da58a-fb5c-11e8-a986-8c8590209d97.jpg,1
544ff9d4-fb5c-11e8-90e4-8c8590209d97.jpg,0
54523958-fb5c-11e8-9222-8c8590209d97.jpg,0
545d5610-fb5c-11e8-8298-8c8590209d97.jpg,0
5461dfbe-fb5c-11e8-a3f4-8c8590209d97.jpg,0
546496fa-fb5c-11e8-9154-8c8590209d97.jpg,0
5466ac06-fb5c-11e8-8c68-8c8590209d97.jpg,0
54694f74-fb5c-11e8-8b45-8c8590209d97.jpg,1
546bcd80-fb5c-11e8-b9fb-8c8590209d97.jpg,1
546e24c2-fb5c-11e8-a2af-8c8590209d97.jpg,1
5470921e-fb5c-11e8-998a-8c8590209d97.jpg,1
54732e86-fb5c-11e8-b67d-8c8590209d97.jpg,1
54755f1c-fb5c-11e8-aa8d-8c8590209d97.jpg,1
5477d11e-fb5c-11e8-9630-8c8590209d97.jpg,1
547a4176-fb5c-11e8-8c9c-8c8590209d97.jpg,0
547f58f0-fb5c-11e8-b0d7-8c8590209d97.jpg,0
5481c374-fb5c-11e8-acf6-8c8590209d97.jpg,1
54848df4-fb5c-11e8-9b50-8c8590209d97.jpg,0
54891eb4-fb5c-11e8-bd5b-8c8590209d97.jpg,0
548b8724-fb5c-11e8-ad08-8c8590209d97.jpg,0
548e0774-fb5c-11e8-81fc-8c8590209d97.jpg,0
54905646-fb5c-11e8-9fb4-8c8590209d97.jpg,0
54930628-fb5c-11e8-8ee2-8c8590209d97.jpg,0
54958828-fb5c-11e8-b160-8c8590209d97.jpg,0
5497c9e4-fb5c-11e8-9a95-8c8590209d97.jpg,1
549a0858-fb5c-11e8-9c96-8c8590209d97.jpg,0
549c6c38-fb5c-11e8-a177-8c8590209d97.jpg,0
549ed43a-fb5c-11e8-b1d4-8c8590209d97.jpg,0
54a3c974-fb5c-11e8-8e16-8c8590209d97.jpg,0
54aab658-fb5c-11e8-a78d-8c8590209d97.jpg,0
54acceb6-fb5c-11e8-8a48-8c8590209d97.jpg,0
54af57e4-fb5c-11e8-b226-8c8590209d97.jpg,0
54b3ac06-fb5c-11e8-b45f-8c8590209d97.jpg,1
54b5fd62-fb5c-11e8-9bad-8c8590209d97.jpg,0
54b868a2-fb5c-11e8-8e86-8c8590209d97.jpg,0
54bf4f46-fb5c-11e8-82c7-8c8590209d97.jpg,0
54c3dcdc-fb5c-11e8-a479-8c8590209d97.jpg,0
54c66b3a-fb5c-11e8-ba36-8c8590209d97.jpg,0
54c8c440-fb5c-11e8-88e2-8c8590209d97.jpg,1
54cb56a6-fb5c-11e8-ba2a-8c8590209d97.jpg,0
54ce3558-fb5c-11e8-ab53-8c8590209d97.jpg,0
54d0c6d8-fb5c-11e8-b6e1-8c8590209d97.jpg,1
54d59a12-fb5c-11e8-b495-8c8590209d97.jpg,0
54d80a2c-fb5c-11e8-bd3d-8c8590209d97.jpg,0
54da9fa8-fb5c-11e8-8f91-8c8590209d97.jpg,0
54dd0482-fb5c-11e8-8068-8c8590209d97.jpg,0
54df6c74-fb5c-11e8-bb39-8c8590209d97.jpg,0
54e1e5f6-fb5c-11e8-ab34-8c8590209d97.jpg,0
54e45c6e-fb5c-11e8-baf7-8c8590209d97.jpg,0
54e71436-fb5c-11e8-a305-8c8590209d97.jpg,0
54eb0de8-fb5c-11e8-8cf4-8c8590209d97.jpg,1
54f09088-fb5c-11e8-89ba-8c8590209d97.jpg,1
54f2c0f6-fb5c-11e8-9908-8c8590209d97.jpg,1
54f8f7dc-fb5c-11e8-ab7d-8c8590209d97.jpg,1
54fb77c8-fb5c-11e8-9faa-8c8590209d97.jpg,0
550041f4-fb5c-11e8-b892-8c8590209d97.jpg,0
5502bb98-fb5c-11e8-a8bf-8c8590209d97.jpg,1
55076634-fb5c-11e8-9f90-8c8590209d97.jpg,0
5509cb8c-fb5c-11e8-a6db-8c8590209d97.jpg,0
550c6362-fb5c-11e8-be14-8c8590209d97.jpg,0
55122aa4-fb5c-11e8-b58f-8c8590209d97.jpg,0
5514863a-fb5c-11e8-a778-8c8590209d97.jpg,0
5516d9fa-fb5c-11e8-9d59-8c8590209d97.jpg,0
551bfaa2-fb5c-11e8-bf71-8c8590209d97.jpg,1
551e2168-fb5c-11e8-b709-8c8590209d97.jpg,0
55209e74-fb5c-11e8-add4-8c8590209d97.jpg,0
552335d8-fb5c-11e8-a957-8c8590209d97.jpg,0
5527e164-fb5c-11e8-ac42-8c8590209d97.jpg,0
552a4850-fb5c-11e8-a2c9-8c8590209d97.jpg,1
552cf28a-fb5c-11e8-b099-8c8590209d97.jpg,0
5531d502-fb5c-11e8-83a8-8c8590209d97.jpg,1
553434f0-fb5c-11e8-ad42-8c8590209d97.jpg,0
5536a0d2-fb5c-11e8-92e4-8c8590209d97.jpg,0
55393a4a-fb5c-11e8-b78d-8c8590209d97.jpg,0
553b9894-fb5c-11e8-92cc-8c8590209d97.jpg,1
553e10c6-fb5c-11e8-9ab5-8c8590209d97.jpg,0
55410838-fb5c-11e8-a343-8c8590209d97.jpg,1
55438842-fb5c-11e8-83eb-8c8590209d97.jpg,1
554a217a-fb5c-11e8-b225-8c8590209d97.jpg,1
554cc380-fb5c-11e8-8c90-8c8590209d97.jpg,0
554f69fa-fb5c-11e8-a542-8c8590209d97.jpg,0
55546d42-fb5c-11e8-a692-8c8590209d97.jpg,0
5556cac6-fb5c-11e8-8a74-8c8590209d97.jpg,0
555987e6-fb5c-11e8-8de6-8c8590209d97.jpg,0
555bcbe6-fb5c-11e8-96c2-8c8590209d97.jpg,0
555e23f0-fb5c-11e8-a9bf-8c8590209d97.jpg,1
5563d46c-fb5c-11e8-a569-8c8590209d97.jpg,1
5565e978-fb5c-11e8-9cf1-8c8590209d97.jpg,1
556b0890-fb5c-11e8-96d3-8c8590209d97.jpg,0
556d9786-fb5c-11e8-ae3e-8c8590209d97.jpg,0
5572f6e8-fb5c-11e8-81ae-8c8590209d97.jpg,0
5577c49a-fb5c-11e8-a57f-8c8590209d97.jpg,0
557c146e-fb5c-11e8-9969-8c8590209d97.jpg,1
557e5e18-fb5c-11e8-8448-8c8590209d97.jpg,1
5580c374-fb5c-11e8-aafa-8c8590209d97.jpg,1
55833fe6-fb5c-11e8-a5ee-8c8590209d97.jpg,0
5588682c-fb5c-11e8-aa3c-8c8590209d97.jpg,0
558aded8-fb5c-11e8-aafb-8c8590209d97.jpg,0
558d6764-fb5c-11e8-895c-8c8590209d97.jpg,0
55935158-fb5c-11e8-b863-8c8590209d97.jpg,0
5595d05c-fb5c-11e8-8c90-8c8590209d97.jpg,0
55989268-fb5c-11e8-82e7-8c8590209d97.jpg,0
559b0c48-fb5c-11e8-bf53-8c8590209d97.jpg,0
55a02462-fb5c-11e8-93cc-8c8590209d97.jpg,1
55a34688-fb5c-11e8-98d8-8c8590209d97.jpg,0
55a5a23e-fb5c-11e8-8838-8c8590209d97.jpg,0
55a84980-fb5c-11e8-a689-8c8590209d97.jpg,0
55aaf718-fb5c-11e8-a5ad-8c8590209d97.jpg,0
55b012fa-fb5c-11e8-bde7-8c8590209d97.jpg,1
55b36c48-fb5c-11e8-b5e2-8c8590209d97.jpg,1
55b82b5c-fb5c-11e8-8871-8c8590209d97.jpg,1
55baf04c-fb5c-11e8-86c6-8c8590209d97.jpg,1
55bdbfe8-fb5c-11e8-bca0-8c8590209d97.jpg,0
55c01650-fb5c-11e8-9a18-8c8590209d97.jpg,0
55c2a4d8-fb5c-11e8-b74a-8c8590209d97.jpg,1
55c528ca-fb5c-11e8-8c70-8c8590209d97.jpg,0
55c753de-fb5c-11e8-9cfc-8c8590209d97.jpg,0
55c9d44c-fb5c-11e8-a2e8-8c8590209d97.jpg,1
55cc4a88-fb5c-11e8-bc6f-8c8590209d97.jpg,0
55ce93b0-fb5c-11e8-a3bf-8c8590209d97.jpg,0
55d17ada-fb5c-11e8-b66d-8c8590209d97.jpg,1
55d512c6-fb5c-11e8-9576-8c8590209d97.jpg,1
55d725ca-fb5c-11e8-9221-8c8590209d97.jpg,0
55d9bbd2-fb5c-11e8-ae36-8c8590209d97.jpg,0
55de4dbe-fb5c-11e8-af54-8c8590209d97.jpg,0
55e08a18-fb5c-11e8-b01a-8c8590209d97.jpg,1
55e2c542-fb5c-11e8-a80d-8c8590209d97.jpg,0
55e54f92-fb5c-11e8-8729-8c8590209d97.jpg,0
55e7a8b4-fb5c-11e8-887c-8c8590209d97.jpg,1
55ea0f34-fb5c-11e8-b38e-8c8590209d97.jpg,0
55ed21c2-fb5c-11e8-904e-8c8590209d97.jpg,0
55f04b40-fb5c-11e8-8efe-8c8590209d97.jpg,1
55f4fb36-fb5c-11e8-a4b9-8c8590209d97.jpg,1
55fa4458-fb5c-11e8-a217-8c8590209d97.jpg,0
55fed534-fb5c-11e8-be09-8c8590209d97.jpg,0
560118da-fb5c-11e8-8f62-8c8590209d97.jpg,0
5603a1fe-fb5c-11e8-991d-8c8590209d97.jpg,0
5605d2ee-fb5c-11e8-b7b0-8c8590209d97.jpg,0
560864dc-fb5c-11e8-9267-8c8590209d97.jpg,0
560b12e8-fb5c-11e8-b140-8c8590209d97.jpg,1
560d3806-fb5c-11e8-85bc-8c8590209d97.jpg,1
560f9086-fb5c-11e8-ab68-8c8590209d97.jpg,1
56123bba-fb5c-11e8-aa81-8c8590209d97.jpg,0
561486f4-fb5c-11e8-be54-8c8590209d97.jpg,1
5616fd76-fb5c-11e8-9f1e-8c8590209d97.jpg,1
561a8252-fb5c-11e8-a5a5-8c8590209d97.jpg,1
561e0058-fb5c-11e8-b17f-8c8590209d97.jpg,0
562379b6-fb5c-11e8-994c-8c8590209d97.jpg,0
562d065c-fb5c-11e8-90b4-8c8590209d97.jpg,0
563034ba-fb5c-11e8-b50f-8c8590209d97.jpg,0
5637a3d2-fb5c-11e8-95c7-8c8590209d97.jpg,0
563a5c76-fb5c-11e8-a05f-8c8590209d97.jpg,0
563e5c90-fb5c-11e8-a179-8c8590209d97.jpg,0
56406d5a-fb5c-11e8-97a0-8c8590209d97.jpg,0
5642cbcc-fb5c-11e8-870c-8c8590209d97.jpg,1
5647e080-fb5c-11e8-8732-8c8590209d97.jpg,1
564a1262-fb5c-11e8-a806-8c8590209d97.jpg,1
564c821e-fb5c-11e8-a5bf-8c8590209d97.jpg,0
56505666-fb5c-11e8-9f24-8c8590209d97.jpg,0
56554a36-fb5c-11e8-b030-8c8590209d97.jpg,0
5657cc02-fb5c-11e8-85c5-8c8590209d97.jpg,0
565d2ef4-fb5c-11e8-8bf8-8c8590209d97.jpg,0
565fbee4-fb5c-11e8-82b1-8c8590209d97.jpg,0
56621858-fb5c-11e8-b78d-8c8590209d97.jpg,0
5666e336-fb5c-11e8-bebc-8c8590209d97.jpg,1
5669b0ac-fb5c-11e8-9833-8c8590209d97.jpg,1
566bcf22-fb5c-11e8-baad-8c8590209d97.jpg,1
566efbe8-fb5c-11e8-b17d-8c8590209d97.jpg,1
5673b3f4-fb5c-11e8-97ad-8c8590209d97.jpg,0
5675cdb0-fb5c-11e8-a296-8c8590209d97.jpg,0
5678303a-fb5c-11e8-80d1-8c8590209d97.jpg,1
567b0f00-fb5c-11e8-ab39-8c8590209d97.jpg,0
567d7e0c-fb5c-11e8-9d23-8c8590209d97.jpg,0
567fb8ca-fb5c-11e8-892d-8c8590209d97.jpg,0
5681ee88-fb5c-11e8-af78-8c8590209d97.jpg,0
56845d1c-fb5c-11e8-90a9-8c8590209d97.jpg,0
56866a3a-fb5c-11e8-b1cc-8c8590209d97.jpg,0
568ac4d8-fb5c-11e8-b1b7-8c8590209d97.jpg,0
568d435a-fb5c-11e8-a239-8c8590209d97.jpg,0
568f65e2-fb5c-11e8-94f4-8c8590209d97.jpg,0
5691b8fe-fb5c-11e8-b504-8c8590209d97.jpg,0
5693fa42-fb5c-11e8-ac59-8c8590209d97.jpg,0
5696297a-fb5c-11e8-b780-8c8590209d97.jpg,1
56992ea4-fb5c-11e8-895f-8c8590209d97.jpg,1
56a9f7fa-fb5c-11e8-9b71-8c8590209d97.jpg,1
56ad6130-fb5c-11e8-9c1b-8c8590209d97.jpg,1
56b089dc-fb5c-11e8-b822-8c8590209d97.jpg,1
56b37430-fb5c-11e8-a158-8c8590209d97.jpg,0
56b6a312-fb5c-11e8-b0ea-8c8590209d97.jpg,0
56b9149e-fb5c-11e8-8183-8c8590209d97.jpg,0
56be8d86-fb5c-11e8-a7ef-8c8590209d97.jpg,0
56c0a542-fb5c-11e8-ae7b-8c8590209d97.jpg,0
56c55ef4-fb5c-11e8-8efb-8c8590209d97.jpg,0
56c77e6c-fb5c-11e8-8a19-8c8590209d97.jpg,0
56c9b60a-fb5c-11e8-a89e-8c8590209d97.jpg,0
56cbedb4-fb5c-11e8-ad06-8c8590209d97.jpg,0
56ce9d82-fb5c-11e8-b954-8c8590209d97.jpg,0
56d0c4e2-fb5c-11e8-8681-8c8590209d97.jpg,0
56d2dfb4-fb5c-11e8-bc55-8c8590209d97.jpg,1
56d5c88c-fb5c-11e8-8f5a-8c8590209d97.jpg,1
56d8bea2-fb5c-11e8-846c-8c8590209d97.jpg,0
56db2778-fb5c-11e8-bfa6-8c8590209d97.jpg,0
56dda9f8-fb5c-11e8-89f7-8c8590209d97.jpg,0
56e07d90-fb5c-11e8-8117-8c8590209d97.jpg,0
56e2f098-fb5c-11e8-a820-8c8590209d97.jpg,0
56ea947e-fb5c-11e8-a775-8c8590209d97.jpg,0
56ed7e64-fb5c-11e8-ae9d-8c8590209d97.jpg,0
56f026a8-fb5c-11e8-94c9-8c8590209d97.jpg,1
56f2903e-fb5c-11e8-b67d-8c8590209d97.jpg,1
56f52218-fb5c-11e8-93d7-8c8590209d97.jpg,1
56f7ac0c-fb5c-11e8-a43a-8c8590209d97.jpg,1
56fa148a-fb5c-11e8-a27a-8c8590209d97.jpg,0
56fc50e2-fb5c-11e8-91b3-8c8590209d97.jpg,0
56ff01d4-fb5c-11e8-832d-8c8590209d97.jpg,1
5703f158-fb5c-11e8-9c17-8c8590209d97.jpg,0
57061d98-fb5c-11e8-a3d5-8c8590209d97.jpg,0
57087214-fb5c-11e8-ab29-8c8590209d97.jpg,0
570b6442-fb5c-11e8-8cef-8c8590209d97.jpg,0
570d75de-fb5c-11e8-8b10-8c8590209d97.jpg,0
570f9134-fb5c-11e8-afda-8c8590209d97.jpg,1
57145d90-fb5c-11e8-b061-8c8590209d97.jpg,0
57187c40-fb5c-11e8-899c-8c8590209d97.jpg,0
571b28b4-fb5c-11e8-b0f5-8c8590209d97.jpg,0
571d79e8-fb5c-11e8-b9a0-8c8590209d97.jpg,0
571fb776-fb5c-11e8-bae7-8c8590209d97.jpg,0
5721e9b0-fb5c-11e8-bc67-8c8590209d97.jpg,0
57242646-fb5c-11e8-97cb-8c8590209d97.jpg,0
5726b94a-fb5c-11e8-bc44-8c8590209d97.jpg,0
572c1dfe-fb5c-11e8-9637-8c8590209d97.jpg,1
57313a28-fb5c-11e8-a16e-8c8590209d97.jpg,0
573397a8-fb5c-11e8-bfae-8c8590209d97.jpg,0
57364a90-fb5c-11e8-a648-8c8590209d97.jpg,0
57395dca-fb5c-11e8-a52c-8c8590209d97.jpg,0
573ca188-fb5c-11e8-b803-8c8590209d97.jpg,0
57415228-fb5c-11e8-a589-8c8590209d97.jpg,0
5749ac98-fb5c-11e8-b9be-8c8590209d97.jpg,1
574c296e-fb5c-11e8-af1c-8c8590209d97.jpg,1
57563062-fb5c-11e8-9393-8c8590209d97.jpg,1
575b8f62-fb5c-11e8-baa6-8c8590209d97.jpg,1
57629474-fb5c-11e8-a6b2-8c8590209d97.jpg,1
5767341e-fb5c-11e8-8b6b-8c8590209d97.jpg,0
576b13ec-fb5c-11e8-86ee-8c8590209d97.jpg,0
576ecf78-fb5c-11e8-9851-8c8590209d97.jpg,0
57723c30-fb5c-11e8-a542-8c8590209d97.jpg,0
57747e50-fb5c-11e8-abcb-8c8590209d97.jpg,1
57771cb4-fb5c-11e8-822f-8c8590209d97.jpg,0
577ea04c-fb5c-11e8-9fc4-8c8590209d97.jpg,0
57831f98-fb5c-11e8-be94-8c8590209d97.jpg,0
57859f0a-fb5c-11e8-9f86-8c8590209d97.jpg,0
579347cc-fb5c-11e8-b576-8c8590209d97.jpg,0
579724c8-fb5c-11e8-a168-8c8590209d97.jpg,0
579cc1d0-fb5c-11e8-aa82-8c8590209d97.jpg,0
57a59546-fb5c-11e8-b6a4-8c8590209d97.jpg,1
57ab1e62-fb5c-11e8-84f3-8c8590209d97.jpg,0
57ad6ccc-fb5c-11e8-86a7-8c8590209d97.jpg,0
57af85cc-fb5c-11e8-ae76-8c8590209d97.jpg,0
57b1b9c8-fb5c-11e8-b55e-8c8590209d97.jpg,1
57b62cb0-fb5c-11e8-91f5-8c8590209d97.jpg,1
57ba0a24-fb5c-11e8-b5c7-8c8590209d97.jpg,1
57c0fe7e-fb5c-11e8-8365-8c8590209d97.jpg,0
57c36a42-fb5c-11e8-996c-8c8590209d97.jpg,0
57c5e5ec-fb5c-11e8-aae1-8c8590209d97.jpg,0
57cacfda-fb5c-11e8-8387-8c8590209d97.jpg,0
57cd10cc-fb5c-11e8-b3ed-8c8590209d97.jpg,0
57cf689c-fb5c-11e8-837f-8c8590209d97.jpg,1
57d1f292-fb5c-11e8-a41e-8c8590209d97.jpg,0
57d49146-fb5c-11e8-b03f-8c8590209d97.jpg,0
57d6f846-fb5c-11e8-aacc-8c8590209d97.jpg,0
57d965f4-fb5c-11e8-bb3a-8c8590209d97.jpg,0
57dc305e-fb5c-11e8-a723-8c8590209d97.jpg,0
57de843a-fb5c-11e8-b67a-8c8590209d97.jpg,0
57e13d88-fb5c-11e8-ae96-8c8590209d97.jpg,0
57e35280-fb5c-11e8-80b2-8c8590209d97.jpg,0
57e6154c-fb5c-11e8-83dd-8c8590209d97.jpg,1
57e95950-fb5c-11e8-b1bc-8c8590209d97.jpg,0
57eba412-fb5c-11e8-a518-8c8590209d97.jpg,1
57f1714c-fb5c-11e8-b67e-8c8590209d97.jpg,0
57f39492-fb5c-11e8-babc-8c8590209d97.jpg,0
57f5d84c-fb5c-11e8-b865-8c8590209d97.jpg,0
57fad5a4-fb5c-11e8-b525-8c8590209d97.jpg,0
57fd6738-fb5c-11e8-8286-8c8590209d97.jpg,0
5800c900-fb5c-11e8-960f-8c8590209d97.jpg,0
58034234-fb5c-11e8-ad07-8c8590209d97.jpg,0
5805aacc-fb5c-11e8-99e0-8c8590209d97.jpg,1
58085cba-fb5c-11e8-aa3a-8c8590209d97.jpg,1
580b2e36-fb5c-11e8-9b20-8c8590209d97.jpg,0
580e444a-fb5c-11e8-aaea-8c8590209d97.jpg,0
58116a62-fb5c-11e8-91dd-8c8590209d97.jpg,0
5817e108-fb5c-11e8-9257-8c8590209d97.jpg,0
581a308c-fb5c-11e8-8fee-8c8590209d97.jpg,0
581fa8c0-fb5c-11e8-85e4-8c8590209d97.jpg,0
58221588-fb5c-11e8-a892-8c8590209d97.jpg,0
58282bba-fb5c-11e8-9cf4-8c8590209d97.jpg,1
582da38a-fb5c-11e8-8371-8c8590209d97.jpg,0
5830f5f8-fb5c-11e8-807f-8c8590209d97.jpg,0
5833b54a-fb5c-11e8-b6c0-8c8590209d97.jpg,0
58368bc6-fb5c-11e8-ad7d-8c8590209d97.jpg,0
583b6e48-fb5c-11e8-b80b-8c8590209d97.jpg,0
583e500c-fb5c-11e8-8d15-8c8590209d97.jpg,0
5840cbfe-fb5c-11e8-ab5e-8c8590209d97.jpg,0
584344cc-fb5c-11e8-91c0-8c8590209d97.jpg,1
5845a8fe-fb5c-11e8-8182-8c8590209d97.jpg,0
5847aa1e-fb5c-11e8-9c05-8c8590209d97.jpg,0
584a03d8-fb5c-11e8-9701-8c8590209d97.jpg,0
584c1a2c-fb5c-11e8-9769-8c8590209d97.jpg,0
584e9748-fb5c-11e8-99ce-8c8590209d97.jpg,0
5850cde2-fb5c-11e8-8eba-8c8590209d97.jpg,0
58532da8-fb5c-11e8-97a3-8c8590209d97.jpg,1
585571a8-fb5c-11e8-a60d-8c8590209d97.jpg,1
58575ef0-fb5c-11e8-936c-8c8590209d97.jpg,1
58595c98-fb5c-11e8-9b91-8c8590209d97.jpg,1
585b457e-fb5c-11e8-80e2-8c8590209d97.jpg,1
585d6662-fb5c-11e8-b079-8c8590209d97.jpg,0
585fb0a8-fb5c-11e8-b097-8c8590209d97.jpg,1
586939cc-fb5c-11e8-b828-8c8590209d97.jpg,1
58734ade-fb5c-11e8-9e66-8c8590209d97.jpg,0
5875cd74-fb5c-11e8-b14a-8c8590209d97.jpg,1
587857c2-fb5c-11e8-bbf9-8c8590209d97.jpg,1
587aa022-fb5c-11e8-9b40-8c8590209d97.jpg,0
587d0846-fb5c-11e8-9198-8c8590209d97.jpg,0
587f8d30-fb5c-11e8-996c-8c8590209d97.jpg,0
58843d9e-fb5c-11e8-a9f0-8c8590209d97.jpg,1
588691e8-fb5c-11e8-9275-8c8590209d97.jpg,1
588cc23e-fb5c-11e8-b24f-8c8590209d97.jpg,0
5893d058-fb5c-11e8-92d9-8c8590209d97.jpg,0
589634f4-fb5c-11e8-bc6d-8c8590209d97.jpg,0
58987b24-fb5c-11e8-8a20-8c8590209d97.jpg,0
589af58c-fb5c-11e8-90c7-8c8590209d97.jpg,0
589df964-fb5c-11e8-bdf7-8c8590209d97.jpg,0
58a09ffa-fb5c-11e8-bab7-8c8590209d97.jpg,0
58a62f3a-fb5c-11e8-96cc-8c8590209d97.jpg,0
58a892d4-fb5c-11e8-9029-8c8590209d97.jpg,1
58aaea66-fb5c-11e8-bd0a-8c8590209d97.jpg,1
58af7a7a-fb5c-11e8-b499-8c8590209d97.jpg,1
58b234f6-fb5c-11e8-9dbb-8c8590209d97.jpg,0
58b44bc6-fb5c-11e8-b5a6-8c8590209d97.jpg,0
58b6a48c-fb5c-11e8-9e78-8c8590209d97.jpg,0
58b90858-fb5c-11e8-9283-8c8590209d97.jpg,0
58be5b28-fb5c-11e8-999e-8c8590209d97.jpg,0
58c0acfa-fb5c-11e8-9bec-8c8590209d97.jpg,0
58c31ee2-fb5c-11e8-a1ae-8c8590209d97.jpg,0
58c5bddc-fb5c-11e8-93ba-8c8590209d97.jpg,0
58ca6576-fb5c-11e8-b56e-8c8590209d97.jpg,0
58cd1212-fb5c-11e8-857a-8c8590209d97.jpg,1
58cf80ec-fb5c-11e8-a467-8c8590209d97.jpg,0
58d1ecec-fb5c-11e8-b402-8c8590209d97.jpg,0
58d45c98-fb5c-11e8-a485-8c8590209d97.jpg,0
58db615a-fb5c-11e8-8f41-8c8590209d97.jpg,0
58ddf9e2-fb5c-11e8-a12a-8c8590209d97.jpg,0
58e34b2c-fb5c-11e8-b068-8c8590209d97.jpg,0
58e58748-fb5c-11e8-a0f2-8c8590209d97.jpg,0
58e7c274-fb5c-11e8-9517-8c8590209d97.jpg,1
58ea40d0-fb5c-11e8-9db5-8c8590209d97.jpg,0
58ecdfe8-fb5c-11e8-82b2-8c8590209d97.jpg,0
58f1a8e8-fb5c-11e8-81f6-8c8590209d97.jpg,0
58f4028c-fb5c-11e8-9be3-8c8590209d97.jpg,1
58f66d24-fb5c-11e8-ab0f-8c8590209d97.jpg,0
58f8f198-fb5c-11e8-a8e0-8c8590209d97.jpg,0
58fdbaa2-fb5c-11e8-b6b0-8c8590209d97.jpg,0
59000d98-fb5c-11e8-87e5-8c8590209d97.jpg,0
59049b1a-fb5c-11e8-b08f-8c8590209d97.jpg,0
59071188-fb5c-11e8-b251-8c8590209d97.jpg,0
59096d0c-fb5c-11e8-adad-8c8590209d97.jpg,0
590bb474-fb5c-11e8-b062-8c8590209d97.jpg,0
590dea58-fb5c-11e8-ae56-8c8590209d97.jpg,1
5910c82c-fb5c-11e8-9e4d-8c8590209d97.jpg,0
5913281a-fb5c-11e8-ae27-8c8590209d97.jpg,0
591569fe-fb5c-11e8-9a77-8c8590209d97.jpg,0
5917c28a-fb5c-11e8-81fa-8c8590209d97.jpg,0
591a8f88-fb5c-11e8-bee7-8c8590209d97.jpg,0
591f4f98-fb5c-11e8-aff2-8c8590209d97.jpg,1
5923ee7a-fb5c-11e8-9222-8c8590209d97.jpg,1
5926b722-fb5c-11e8-acc9-8c8590209d97.jpg,0
59295c7a-fb5c-11e8-9fde-8c8590209d97.jpg,0
592bc294-fb5c-11e8-ba60-8c8590209d97.jpg,0
592e0c7a-fb5c-11e8-b6c7-8c8590209d97.jpg,0
59357b2c-fb5c-11e8-989f-8c8590209d97.jpg,0
5937c814-fb5c-11e8-9f67-8c8590209d97.jpg,0
593ce998-fb5c-11e8-807b-8c8590209d97.jpg,0
593fb11e-fb5c-11e8-8e0d-8c8590209d97.jpg,0
59420e28-fb5c-11e8-84eb-8c8590209d97.jpg,0
5946b662-fb5c-11e8-b3ec-8c8590209d97.jpg,0
5948fe0c-fb5c-11e8-9184-8c8590209d97.jpg,1
594dad64-fb5c-11e8-94d7-8c8590209d97.jpg,1
59526cc8-fb5c-11e8-ab8f-8c8590209d97.jpg,1
59575364-fb5c-11e8-9e19-8c8590209d97.jpg,1
5959ccf4-fb5c-11e8-b1af-8c8590209d97.jpg,1
595c869a-fb5c-11e8-a556-8c8590209d97.jpg,0
5963c868-fb5c-11e8-9259-8c8590209d97.jpg,1
5966b4da-fb5c-11e8-b470-8c8590209d97.jpg,1
5969299a-fb5c-11e8-8ad8-8c8590209d97.jpg,0
596e445c-fb5c-11e8-8839-8c8590209d97.jpg,0
5970a350-fb5c-11e8-919d-8c8590209d97.jpg,0
5972f6dc-fb5c-11e8-97c1-8c8590209d97.jpg,1
5978c7cc-fb5c-11e8-abce-8c8590209d97.jpg,0
597dd6ec-fb5c-11e8-9f62-8c8590209d97.jpg,0
59827c42-fb5c-11e8-9eb4-8c8590209d97.jpg,0
5984f058-fb5c-11e8-843a-8c8590209d97.jpg,0
59875106-fb5c-11e8-a608-8c8590209d97.jpg,0
598c2ad0-fb5c-11e8-ad9d-8c8590209d97.jpg,0
598eb44c-fb5c-11e8-bdcc-8c8590209d97.jpg,0
5990c81a-fb5c-11e8-8dc6-8c8590209d97.jpg,1
59934914-fb5c-11e8-963c-8c8590209d97.jpg,1
5995dc92-fb5c-11e8-a67a-8c8590209d97.jpg,0
59980850-fb5c-11e8-9ac9-8c8590209d97.jpg,0
599ceb4a-fb5c-11e8-9c63-8c8590209d97.jpg,1
599f2978-fb5c-11e8-bc73-8c8590209d97.jpg,1
59a8aed0-fb5c-11e8-a937-8c8590209d97.jpg,0
59aadf5c-fb5c-11e8-b2f4-8c8590209d97.jpg,0
59acfa26-fb5c-11e8-af99-8c8590209d97.jpg,0
59af5fc8-fb5c-11e8-9e20-8c8590209d97.jpg,0
59b1d2c6-fb5c-11e8-b6f6-8c8590209d97.jpg,0
59b6dd34-fb5c-11e8-a7e9-8c8590209d97.jpg,0
59bc11f0-fb5c-11e8-af07-8c8590209d97.jpg,0
59be7af8-fb5c-11e8-b98e-8c8590209d97.jpg,0
59c3410a-fb5c-11e8-afa7-8c8590209d97.jpg,0
59c5b51e-fb5c-11e8-b403-8c8590209d97.jpg,0
59c9743a-fb5c-11e8-ad85-8c8590209d97.jpg,0
59cbefee-fb5c-11e8-b661-8c8590209d97.jpg,0
59ce329a-fb5c-11e8-882a-8c8590209d97.jpg,0
59d10a92-fb5c-11e8-80fe-8c8590209d97.jpg,0
59d35766-fb5c-11e8-bad4-8c8590209d97.jpg,0
59d56eb6-fb5c-11e8-89c6-8c8590209d97.jpg,0
59d7c8e6-fb5c-11e8-a6e0-8c8590209d97.jpg,0
59da219a-fb5c-11e8-b6b2-8c8590209d97.jpg,0
59def7cc-fb5c-11e8-ba26-8c8590209d97.jpg,1
59e4645c-fb5c-11e8-9102-8c8590209d97.jpg,0
59e698f8-fb5c-11e8-8347-8c8590209d97.jpg,0
59eb5f64-fb5c-11e8-af59-8c8590209d97.jpg,0
59edde62-fb5c-11e8-83f9-8c8590209d97.jpg,0
59f05a6e-fb5c-11e8-b2ce-8c8590209d97.jpg,0
59f2c330-fb5c-11e8-82fe-8c8590209d97.jpg,0
59f51158-fb5c-11e8-8589-8c8590209d97.jpg,0
59f78cda-fb5c-11e8-8aa2-8c8590209d97.jpg,0
59f9fd08-fb5c-11e8-a3a7-8c8590209d97.jpg,0
59fc45cc-fb5c-11e8-b350-8c8590209d97.jpg,0
59fed166-fb5c-11e8-b712-8c8590209d97.jpg,0
5a011bc6-fb5c-11e8-a1ab-8c8590209d97.jpg,1
5a0323b0-fb5c-11e8-92d3-8c8590209d97.jpg,0
5a05a108-fb5c-11e8-9045-8c8590209d97.jpg,0
5a080f7e-fb5c-11e8-9fd1-8c8590209d97.jpg,0
5a0a734a-fb5c-11e8-9d37-8c8590209d97.jpg,0
5a0cd662-fb5c-11e8-8982-8c8590209d97.jpg,0
5a1169b6-fb5c-11e8-a9e7-8c8590209d97.jpg,0
5a13c8f0-fb5c-11e8-8acb-8c8590209d97.jpg,0
5a16562e-fb5c-11e8-82b1-8c8590209d97.jpg,0
5a18894c-fb5c-11e8-b996-8c8590209d97.jpg,0
5a23fd4c-fb5c-11e8-a973-8c8590209d97.jpg,1
5a2759c6-fb5c-11e8-9726-8c8590209d97.jpg,0
5a29e7fa-fb5c-11e8-9e6a-8c8590209d97.jpg,0
5a2d2f1e-fb5c-11e8-afd5-8c8590209d97.jpg,1
5a2fa764-fb5c-11e8-a231-8c8590209d97.jpg,1
5a323fc6-fb5c-11e8-b138-8c8590209d97.jpg,0
5a34bcb8-fb5c-11e8-a0f0-8c8590209d97.jpg,0
5a376486-fb5c-11e8-adae-8c8590209d97.jpg,0
5a39da4a-fb5c-11e8-8ef6-8c8590209d97.jpg,0
5a3c6292-fb5c-11e8-b41c-8c8590209d97.jpg,0
5a3ec81e-fb5c-11e8-ae64-8c8590209d97.jpg,0
5a417782-fb5c-11e8-af62-8c8590209d97.jpg,0
5a44075e-fb5c-11e8-beb3-8c8590209d97.jpg,1
5a46fb8a-fb5c-11e8-838b-8c8590209d97.jpg,1
5a499c00-fb5c-11e8-9dfe-8c8590209d97.jpg,1
5a4c06d4-fb5c-11e8-b219-8c8590209d97.jpg,1
5a4ed45e-fb5c-11e8-9078-8c8590209d97.jpg,1
5a540f46-fb5c-11e8-a958-8c8590209d97.jpg,0
5a5650a8-fb5c-11e8-bbe6-8c8590209d97.jpg,1
5a5df77a-fb5c-11e8-ad09-8c8590209d97.jpg,0
5a6061f6-fb5c-11e8-89d6-8c8590209d97.jpg,0
5a62d54c-fb5c-11e8-9919-8c8590209d97.jpg,0
5a650ee8-fb5c-11e8-ad83-8c8590209d97.jpg,0
5a67791e-fb5c-11e8-8125-8c8590209d97.jpg,0
5a6c58b4-fb5c-11e8-82a7-8c8590209d97.jpg,0
5a6e96fe-fb5c-11e8-8f47-8c8590209d97.jpg,0
5a71435e-fb5c-11e8-bf86-8c8590209d97.jpg,0
5a7377fa-fb5c-11e8-bfe7-8c8590209d97.jpg,1
5a7591e8-fb5c-11e8-b57d-8c8590209d97.jpg,0
5a7805b8-fb5c-11e8-8b50-8c8590209d97.jpg,0
5a7aacbe-fb5c-11e8-82e0-8c8590209d97.jpg,0
5a7d0680-fb5c-11e8-bd44-8c8590209d97.jpg,0
5a7f7640-fb5c-11e8-8ac6-8c8590209d97.jpg,0
5a817ada-fb5c-11e8-8ad6-8c8590209d97.jpg,0
5a86a910-fb5c-11e8-a33a-8c8590209d97.jpg,0
5a88f292-fb5c-11e8-a965-8c8590209d97.jpg,0
5a8e1fba-fb5c-11e8-b031-8c8590209d97.jpg,0
5a903afa-fb5c-11e8-8e30-8c8590209d97.jpg,1
5a92d962-fb5c-11e8-ac06-8c8590209d97.jpg,1
5a957398-fb5c-11e8-b0d5-8c8590209d97.jpg,1
5a97dd02-fb5c-11e8-8b3a-8c8590209d97.jpg,1
5a9d0a02-fb5c-11e8-a88a-8c8590209d97.jpg,1
5a9f65e8-fb5c-11e8-89e6-8c8590209d97.jpg,1
5aa199b4-fb5c-11e8-a3af-8c8590209d97.jpg,1
5aa3f2e8-fb5c-11e8-acb7-8c8590209d97.jpg,0
5aa6c7fe-fb5c-11e8-bff0-8c8590209d97.jpg,0
5aa905a8-fb5c-11e8-bcc7-8c8590209d97.jpg,0
5aab6d5e-fb5c-11e8-8ac7-8c8590209d97.jpg,0
5ab087ee-fb5c-11e8-8b42-8c8590209d97.jpg,0
5ab30b2c-fb5c-11e8-915c-8c8590209d97.jpg,0
5ab5a4ae-fb5c-11e8-9b0c-8c8590209d97.jpg,0
5ab803e8-fb5c-11e8-902a-8c8590209d97.jpg,0
5aba452c-fb5c-11e8-8613-8c8590209d97.jpg,0
5abf1138-fb5c-11e8-8658-8c8590209d97.jpg,0
5ac164f6-fb5c-11e8-b735-8c8590209d97.jpg,0
5ac65678-fb5c-11e8-8d7b-8c8590209d97.jpg,0
5acab91e-fb5c-11e8-abe3-8c8590209d97.jpg,1
5ada1d34-fb5c-11e8-addb-8c8590209d97.jpg,0
5adc667a-fb5c-11e8-bbef-8c8590209d97.jpg,0
5adedab8-fb5c-11e8-80c6-8c8590209d97.jpg,0
5ae583fe-fb5c-11e8-8290-8c8590209d97.jpg,1
5ae79f22-fb5c-11e8-9c7f-8c8590209d97.jpg,1
5aea5aa8-fb5c-11e8-8cdb-8c8590209d97.jpg,0
5aec98c6-fb5c-11e8-a69b-8c8590209d97.jpg,0
5aef2512-fb5c-11e8-974b-8c8590209d97.jpg,0
5af24f1c-fb5c-11e8-b5e2-8c8590209d97.jpg,0
5af4974a-fb5c-11e8-a9bf-8c8590209d97.jpg,0
5af6e5e8-fb5c-11e8-ba15-8c8590209d97.jpg,0
5af9b934-fb5c-11e8-9472-8c8590209d97.jpg,0
5afc2ff0-fb5c-11e8-868a-8c8590209d97.jpg,0
5afedac0-fb5c-11e8-8bf2-8c8590209d97.jpg,1
5b016e3e-fb5c-11e8-a349-8c8590209d97.jpg,0
5b03cf12-fb5c-11e8-8c2c-8c8590209d97.jpg,0
5b104788-fb5c-11e8-a83d-8c8590209d97.jpg,0
5b15d228-fb5c-11e8-9369-8c8590209d97.jpg,1
5b18bbfa-fb5c-11e8-90be-8c8590209d97.jpg,1
5b1be4a8-fb5c-11e8-88ad-8c8590209d97.jpg,0
5b1e0eb8-fb5c-11e8-9dc3-8c8590209d97.jpg,0
5b2091a6-fb5c-11e8-87c0-8c8590209d97.jpg,0
5b231bf6-fb5c-11e8-8268-8c8590209d97.jpg,0
5b29f7b4-fb5c-11e8-8bc1-8c8590209d97.jpg,0
5b2c7e58-fb5c-11e8-98c6-8c8590209d97.jpg,0
5b2f26e4-fb5c-11e8-a39f-8c8590209d97.jpg,0
5b31b40c-fb5c-11e8-9ba8-8c8590209d97.jpg,0
5b349c9e-fb5c-11e8-a0cc-8c8590209d97.jpg,0
5b3718b8-fb5c-11e8-a6d3-8c8590209d97.jpg,0
5b3a7474-fb5c-11e8-9a79-8c8590209d97.jpg,0
5b3cf742-fb5c-11e8-8b6c-8c8590209d97.jpg,0
5b45a126-fb5c-11e8-b565-8c8590209d97.jpg,0
5b4816a4-fb5c-11e8-bdb1-8c8590209d97.jpg,0
5b4b0d78-fb5c-11e8-be50-8c8590209d97.jpg,0
5b4e1efa-fb5c-11e8-9591-8c8590209d97.jpg,0
5b50b106-fb5c-11e8-992c-8c8590209d97.jpg,0
5b538874-fb5c-11e8-94df-8c8590209d97.jpg,1
5b5682f4-fb5c-11e8-ab27-8c8590209d97.jpg,0
5b59098c-fb5c-11e8-81b8-8c8590209d97.jpg,1
5b5c2a2c-fb5c-11e8-9eaa-8c8590209d97.jpg,1
5b5f25c6-fb5c-11e8-b50b-8c8590209d97.jpg,0
5b64a898-fb5c-11e8-a9f6-8c8590209d97.jpg,0
5b677076-fb5c-11e8-a799-8c8590209d97.jpg,0
5b6a1bf0-fb5c-11e8-bb80-8c8590209d97.jpg,0
5b6ce542-fb5c-11e8-9875-8c8590209d97.jpg,1
5b7319ba-fb5c-11e8-b07c-8c8590209d97.jpg,0
5b759958-fb5c-11e8-8991-8c8590209d97.jpg,0
5b787506-fb5c-11e8-a1ec-8c8590209d97.jpg,0
5b7b1be4-fb5c-11e8-bf95-8c8590209d97.jpg,0
5b7dcce8-fb5c-11e8-9970-8c8590209d97.jpg,0
5b80ba5e-fb5c-11e8-825b-8c8590209d97.jpg,1
5b843030-fb5c-11e8-b2df-8c8590209d97.jpg,0
5b870968-fb5c-11e8-a2da-8c8590209d97.jpg,0
5b8aa106-fb5c-11e8-921f-8c8590209d97.jpg,0
5b8da1c6-fb5c-11e8-999c-8c8590209d97.jpg,0
5b90287a-fb5c-11e8-9b18-8c8590209d97.jpg,0
5b97ab62-fb5c-11e8-8758-8c8590209d97.jpg,0
5b9a65da-fb5c-11e8-aa5c-8c8590209d97.jpg,0
5ba11198-fb5c-11e8-a982-8c8590209d97.jpg,1
5ba5b26e-fb5c-11e8-91ba-8c8590209d97.jpg,0
5ba83642-fb5c-11e8-80f9-8c8590209d97.jpg,0
5bab28c0-fb5c-11e8-a643-8c8590209d97.jpg,0
5bb53068-fb5c-11e8-8dd6-8c8590209d97.jpg,1
5bb7a6a4-fb5c-11e8-97a1-8c8590209d97.jpg,1
5bb9ead8-fb5c-11e8-8e14-8c8590209d97.jpg,1
5bbc9c9a-fb5c-11e8-bfc4-8c8590209d97.jpg,0
5bbf2246-fb5c-11e8-ad01-8c8590209d97.jpg,0
5bc3a864-fb5c-11e8-af81-8c8590209d97.jpg,0
5bc84234-fb5c-11e8-b62e-8c8590209d97.jpg,1
5bcb645a-fb5c-11e8-8b43-8c8590209d97.jpg,1
5bcde978-fb5c-11e8-8c4d-8c8590209d97.jpg,1
5bd102de-fb5c-11e8-8c04-8c8590209d97.jpg,1
5bd34ada-fb5c-11e8-a63d-8c8590209d97.jpg,1
5bd79dd8-fb5c-11e8-b468-8c8590209d97.jpg,1
5bda2f12-fb5c-11e8-b7c2-8c8590209d97.jpg,1
5bdeefc0-fb5c-11e8-a068-8c8590209d97.jpg,1
5be1338c-fb5c-11e8-a153-8c8590209d97.jpg,0
5be3153a-fb5c-11e8-853e-8c8590209d97.jpg,0
5be5bd8c-fb5c-11e8-9eb7-8c8590209d97.jpg,0
5be84e26-fb5c-11e8-8107-8c8590209d97.jpg,0
5bea5126-fb5c-11e8-83ea-8c8590209d97.jpg,0
5beca638-fb5c-11e8-93a5-8c8590209d97.jpg,1
5bee8e76-fb5c-11e8-813f-8c8590209d97.jpg,1
5bf0d462-fb5c-11e8-80b5-8c8590209d97.jpg,0
5bf31ec8-fb5c-11e8-bc6b-8c8590209d97.jpg,0
5bf57e3e-fb5c-11e8-87da-8c8590209d97.jpg,0
5bfa38de-fb5c-11e8-8ffb-8c8590209d97.jpg,0
5bfcefe8-fb5c-11e8-8f14-8c8590209d97.jpg,0
5bff266e-fb5c-11e8-8966-8c8590209d97.jpg,0
5c015d4c-fb5c-11e8-9b0e-8c8590209d97.jpg,0
5c0616c2-fb5c-11e8-a56d-8c8590209d97.jpg,1
5c085ba8-fb5c-11e8-a6ed-8c8590209d97.jpg,1
5c0af44c-fb5c-11e8-8b64-8c8590209d97.jpg,1
5c0cf0be-fb5c-11e8-a7a0-8c8590209d97.jpg,0
5c0f314c-fb5c-11e8-a84b-8c8590209d97.jpg,0
5c116414-fb5c-11e8-89a4-8c8590209d97.jpg,0
5c161630-fb5c-11e8-8041-8c8590209d97.jpg,0
5c185dbe-fb5c-11e8-9ce5-8c8590209d97.jpg,0
5c1d8a34-fb5c-11e8-8dbc-8c8590209d97.jpg,0
5c201acc-fb5c-11e8-b411-8c8590209d97.jpg,1
5c230264-fb5c-11e8-ad4f-8c8590209d97.jpg,0
5c2557e4-fb5c-11e8-9dce-8c8590209d97.jpg,0
5c27df82-fb5c-11e8-8d9e-8c8590209d97.jpg,0
5c2a9cfe-fb5c-11e8-b9e5-8c8590209d97.jpg,0
5c2ce752-fb5c-11e8-bdac-8c8590209d97.jpg,0
5c2f1f2c-fb5c-11e8-a85a-8c8590209d97.jpg,1
5c34bd24-fb5c-11e8-88b0-8c8590209d97.jpg,0
5c39f8e8-fb5c-11e8-939f-8c8590209d97.jpg,0
5c3c5e58-fb5c-11e8-bfbb-8c8590209d97.jpg,0
5c3ebf4a-fb5c-11e8-a23c-8c8590209d97.jpg,0
5c43aff0-fb5c-11e8-843a-8c8590209d97.jpg,0
5c45ff8a-fb5c-11e8-a1a2-8c8590209d97.jpg,0
5c487aa8-fb5c-11e8-8ccd-8c8590209d97.jpg,0
5c4aeef0-fb5c-11e8-9acb-8c8590209d97.jpg,0
5c4d50fa-fb5c-11e8-b7f1-8c8590209d97.jpg,0
5c523b38-fb5c-11e8-bf5a-8c8590209d97.jpg,0
5c548442-fb5c-11e8-8503-8c8590209d97.jpg,0
5c574826-fb5c-11e8-9396-8c8590209d97.jpg,0
5c59d398-fb5c-11e8-9e8f-8c8590209d97.jpg,0
5c5c361a-fb5c-11e8-88da-8c8590209d97.jpg,0
5c5e86c2-fb5c-11e8-add1-8c8590209d97.jpg,0
5c60f5f6-fb5c-11e8-8c09-8c8590209d97.jpg,0
5c634bba-fb5c-11e8-b203-8c8590209d97.jpg,0
5c655e5c-fb5c-11e8-af98-8c8590209d97.jpg,1
5c6c69b8-fb5c-11e8-994a-8c8590209d97.jpg,0
5c6f0114-fb5c-11e8-af7a-8c8590209d97.jpg,0
5c71a646-fb5c-11e8-ad08-8c8590209d97.jpg,0
5c767502-fb5c-11e8-885b-8c8590209d97.jpg,1
5c7da462-fb5c-11e8-bdfc-8c8590209d97.jpg,1
5c8005b8-fb5c-11e8-b2b0-8c8590209d97.jpg,1
5c822eba-fb5c-11e8-a0ab-8c8590209d97.jpg,1
5c89a1a4-fb5c-11e8-ac33-8c8590209d97.jpg,0
5c8bf4f4-fb5c-11e8-9395-8c8590209d97.jpg,0
5c8e8426-fb5c-11e8-b5ca-8c8590209d97.jpg,1
5c917a14-fb5c-11e8-abf4-8c8590209d97.jpg,0
5c93aa8c-fb5c-11e8-84da-8c8590209d97.jpg,0
5c961858-fb5c-11e8-ac13-8c8590209d97.jpg,0
5c984330-fb5c-11e8-a0ce-8c8590209d97.jpg,1